,City,Cloudiness,Country,Date,Humidity,Lat,Lon,Max Temp (F),Wind speed
0,Kapaa,40,US,1541296560,62,22.08,-159.32,82.04,20.8
1,Daru,64,SL,1541299384,91,7.99,-10.85,74.16,2.08
2,Nanortalik,0,GL,1541299385,97,60.14,-45.24,30.28,28.59
3,Russkiy Kameshkir,92,RU,1541299385,75,52.86,46.09,36.31,12.03
4,Airai,8,TL,1541299385,50,-8.93,125.41,86.49,1.03
5,Fortuna,0,ES,1541298600,81,38.18,-1.13,51.8,6.93
6,Aklavik,40,CA,1541296800,84,68.22,-135.01,-0.41,3.36
7,Rocha,0,UY,1541299386,94,-34.48,-54.34,51.66,3.27
8,La Ronge,90,CA,1541296800,89,55.1,-105.3,32.0,9.17
9,Goderich,36,CA,1541299299,85,43.74,-81.71,41.08,10.25
10,Brewster,1,US,1541297700,49,41.76,-70.08,51.08,23.04
11,Yining,8,CN,1541299386,59,29.04,114.56,72.0,3.31
12,Busselton,0,AU,1541299387,94,-33.64,115.35,65.16,15.05
13,Sarangani,56,PH,1541299387,100,5.4,125.46,82.03,1.86
14,Batagay,36,RU,1541299387,73,67.65,134.64,-11.44,4.21
15,Conde,92,BR,1541299387,87,-11.81,-37.61,77.4,9.75
16,Iskateley,80,RU,1541299388,99,67.68,53.15,26.1,10.25
17,Severo-Kurilsk,64,RU,1541299388,89,50.68,156.12,45.58,13.11
18,Oranjemund,92,ZA,1541299388,95,-28.55,16.43,58.86,16.46
19,Coquimbo,0,CL,1541296800,87,-29.95,-71.34,55.4,5.77
20,Manzhouli,44,CN,1541299388,57,49.6,117.43,20.34,4.61
21,Henties Bay,92,NA,1541299389,100,-22.12,14.28,59.31,6.89
22,Upernavik,24,GL,1541299389,100,72.79,-56.15,18.58,10.31
23,College,1,US,1541296680,89,64.86,-147.8,10.04,3.27
24,Bambous Virieux,40,MU,1541296800,88,-20.34,57.76,71.6,6.11
25,Cape Town,40,ZA,1541296800,77,-33.93,18.42,62.6,16.11
26,Atuona,0,PF,1541299390,100,-9.8,-139.03,80.46,13.44
27,Punta Arenas,40,CL,1541296800,66,-53.16,-70.91,50.0,26.4
28,Torbay,75,CA,1541296800,93,47.66,-52.73,60.8,20.8
29,Manokwari,12,ID,1541299391,100,-0.87,134.08,83.2,6.51
30,Saskylakh,64,RU,1541299391,74,71.97,114.09,-3.16,3.31
31,Lorengau,56,PG,1541299391,100,-2.02,147.27,83.56,7.52
32,Moron,92,VE,1541299391,95,10.49,-68.2,70.51,2.86
33,Port Hardy,90,CA,1541296800,93,50.7,-127.42,51.8,5.82
34,Hermanus,36,ZA,1541299392,80,-34.42,19.24,56.83,5.5
35,Provideniya,68,RU,1541299392,100,64.42,-173.23,35.1,4.83
36,Bontang,64,ID,1541299392,97,0.12,117.47,83.47,1.97
37,Mataura,92,NZ,1541299392,73,-46.19,168.86,50.98,24.96
38,Cacu,88,BR,1541299392,92,-18.56,-51.13,70.29,9.91
39,Barrow,0,AR,1541299393,91,-38.31,-60.23,50.8,3.04
40,Castro,88,CL,1541299393,99,-42.48,-73.76,49.14,11.77
41,Dikson,68,RU,1541299393,95,73.51,80.55,24.52,21.09
42,Lata,24,IN,1541299394,99,30.78,78.62,42.39,1.86
43,Kalmar,0,SE,1541298000,100,56.66,16.36,26.6,5.61
44,Saint-Pierre,90,FR,1541298600,86,48.95,4.24,33.8,3.36
45,Kieta,88,PG,1541299395,98,-6.22,155.63,82.12,4.72
46,Pacific Grove,1,US,1541296500,64,36.62,-121.92,68.0,4.83
47,Saint-Georges,92,CA,1541299395,90,46.12,-70.67,34.56,15.79
48,Albany,75,US,1541296500,60,42.65,-73.75,44.96,19.46
49,Jawhar,0,IN,1541299396,67,19.91,73.23,80.91,4.05
50,Lovozero,68,RU,1541299459,86,68.01,35.02,25.11,2.59
51,Almansa,0,ES,1541296800,73,38.87,-1.1,33.8,2.24
52,Guerrero Negro,0,MX,1541299459,94,27.97,-114.04,64.89,8.41
53,Rikitea,68,PF,1541299459,95,-23.12,-134.97,75.33,20.54
54,Cockburn Town,88,TC,1541299460,99,21.46,-71.14,81.9,19.08
55,Caucaia,75,BR,1541296800,78,-3.73,-38.66,80.6,12.75
56,Saint-Philippe,90,CA,1541297700,69,45.36,-73.48,39.2,24.16
57,Jamestown,88,AU,1541299184,46,-33.21,138.6,80.91,9.86
58,East London,76,ZA,1541299461,88,-33.02,27.91,71.73,25.57
59,Ushuaia,40,AR,1541296800,62,-54.81,-68.31,51.8,18.34
60,Laguna,5,MX,1541295600,47,27.52,-110.01,75.2,4.7
61,Teya,75,MX,1541296020,94,21.05,-89.07,73.4,6.93
62,Ribeira Grande,8,PT,1541299323,99,38.52,-28.7,67.41,19.04
63,Hualmay,20,PE,1541299462,91,-11.1,-77.61,61.51,4.83
64,Port Lincoln,92,AU,1541299462,77,-34.72,135.86,66.37,3.38
65,Emerald,0,AU,1541299462,38,-23.53,148.16,93.51,4.5
66,Axim,92,GH,1541299462,100,4.87,-2.24,80.01,6.4
67,Constitucion,20,MX,1541295900,51,23.99,-104.67,59.0,6.93
68,Mariinsk,80,RU,1541299463,81,56.21,87.75,15.3,10.31
69,Boyolangu,12,ID,1541299463,54,-8.09,111.9,88.15,5.28
70,Kijini,88,TZ,1541299463,99,-5.85,39.32,77.62,8.63
71,Pokhara,64,NP,1541299463,78,28.21,83.99,58.95,2.37
72,Sorland,92,NO,1541299464,100,67.67,12.69,48.51,38.83
73,Todos Santos,5,MX,1541295840,73,23.45,-110.23,77.0,5.82
74,Pangnirtung,80,CA,1541299464,100,66.15,-65.72,12.15,4.27
75,Ahipara,8,NZ,1541299464,77,-35.17,173.16,62.68,20.15
76,Chamba,80,IN,1541299464,85,32.56,76.12,41.85,1.74
77,Saint George,40,GR,1541296200,87,39.45,22.34,53.6,2.24
78,Makubetsu,20,JP,1541296800,38,42.84,143.34,60.8,4.7
79,Touros,100,BR,1541299465,87,-5.2,-35.46,78.43,14.38
80,Havre-Saint-Pierre,90,CA,1541297220,93,50.23,-63.6,35.6,27.51
81,Pevek,76,RU,1541299466,100,69.7,170.27,12.91,2.26
82,Qaqortoq,0,GL,1541296200,44,60.72,-46.03,21.2,5.82
83,Vestmannaeyjar,0,IS,1541299466,100,63.44,-20.27,35.55,24.45
84,Umba,88,RU,1541299466,100,66.69,34.34,36.4,10.58
85,Cidreira,76,BR,1541299466,95,-30.17,-50.22,64.44,5.77
86,Pisco,0,PE,1541296800,82,-13.71,-76.2,66.2,13.87
87,Kavieng,48,PG,1541299467,100,-2.57,150.8,83.88,8.34
88,Hilo,40,US,1541296560,73,19.71,-155.08,77.0,3.36
89,Nantucket,1,US,1541297700,47,41.28,-70.1,51.08,21.92
90,Yellowknife,90,CA,1541296800,85,62.45,-114.38,12.2,8.05
91,Salalah,0,OM,1541296200,60,17.01,54.1,75.2,2.24
92,Mar del Plata,0,AR,1541299468,49,-46.43,-67.52,60.52,19.04
93,Vila,0,IT,1541298000,93,45.18,8.4,55.4,6.93
94,Loncoche,90,CL,1541296800,82,-39.37,-72.63,55.4,13.87
95,Hithadhoo,44,MV,1541299469,100,-0.6,73.08,78.3,7.0
96,Praia,0,BR,1541296800,60,-20.25,-43.81,73.4,5.82
97,Hastings,0,NZ,1541299469,71,-39.64,176.84,63.31,25.64
98,Vao,0,EE,1541299470,94,59.1,26.19,36.63,4.83
99,Guira de Melena,75,CU,1541296500,94,22.79,-82.51,73.4,6.93
100,Butaritari,0,KI,1541299533,100,3.07,172.79,84.51,6.4
101,Esfarayen,0,IR,1541296800,86,37.08,57.51,28.4,1.81
102,La Suiza,75,CR,1541296800,94,9.85,-83.61,69.8,4.7
103,Tasiilaq,88,GL,1541296200,67,65.61,-37.64,23.0,6.93
104,Mandalgovi,0,MN,1541299534,80,45.76,106.27,22.95,4.61
105,Bose,75,IT,1541298000,100,45.46,8.01,55.4,2.24
106,Labuhan,20,ID,1541299534,74,-2.54,115.51,85.18,1.97
107,Camacha,75,PT,1541298600,77,33.08,-16.33,64.4,14.99
108,Hasaki,75,JP,1541298600,68,35.73,140.83,66.2,5.82
109,Port Alfred,56,ZA,1541299535,66,-33.59,26.89,71.32,14.83
110,Paranhos,32,PY,1541299535,91,-23.89,-55.43,70.74,7.07
111,Sendhwa,32,IN,1541299535,52,21.69,75.09,80.91,3.76
112,Vila Velha,75,BR,1541296800,78,-3.71,-38.6,80.6,12.75
113,Sao Joao da Barra,24,BR,1541299536,94,-21.64,-41.05,77.4,26.24
114,Tshikapa,92,CD,1541299536,100,-6.42,20.79,68.13,2.48
115,Ponta do Sol,68,BR,1541299536,97,-20.63,-46.0,63.9,3.87
116,Ullal,20,IN,1541298600,83,12.8,74.85,78.8,3.36
117,Carnarvon,24,ZA,1541299537,56,-30.97,22.13,58.36,9.86
118,Angoche,92,MZ,1541299537,100,-16.23,39.91,76.72,18.03
119,Alpena,1,US,1541297700,84,45.06,-83.43,32.0,7.9
120,Bredasdorp,80,ZA,1541296800,77,-34.53,20.04,62.6,5.82
121,Zhigalovo,44,RU,1541299538,58,54.81,105.15,24.43,4.38
122,Port Elizabeth,1,US,1541296560,82,39.31,-74.98,53.06,9.86
123,Bluff,0,AU,1541299538,36,-23.58,149.07,93.15,4.54
124,New Norfolk,75,AU,1541296800,45,-42.78,147.06,62.6,12.75
125,Mayo,5,CA,1541296800,71,63.59,-135.9,3.2,8.05
126,Les Cayes,20,HT,1541299539,99,18.19,-73.75,82.3,9.13
127,Flinders,24,AU,1541299539,43,-34.58,150.85,76.9,4.72
128,Char Bhadrasan,0,BD,1541298600,78,23.32,90.22,80.6,5.82
129,Mount Isa,0,AU,1541296800,15,-20.73,139.49,100.4,11.41
130,Chokurdakh,32,RU,1541299540,72,70.62,147.9,-10.36,3.38
131,Tuktoyaktuk,40,CA,1541296800,84,69.44,-133.03,-0.41,6.93
132,Vaini,48,IN,1541299541,93,15.34,74.49,74.65,5.88
133,Hobart,75,AU,1541296800,45,-42.88,147.33,62.6,12.75
134,Thompson,90,CA,1541298900,92,55.74,-97.86,21.2,4.7
135,Kruisfontein,36,ZA,1541299541,67,-34.0,24.73,63.99,13.04
136,Talara,44,PE,1541299542,79,-4.58,-81.27,69.21,8.63
137,Xining,44,CN,1541299542,75,36.62,101.77,28.53,3.6
138,Alofi,0,NU,1541296800,50,-19.06,-169.92,77.0,13.87
139,Mubi,20,NG,1541299542,58,10.27,13.26,63.99,2.53
140,Warwick,1,US,1541296560,47,41.7,-71.42,50.0,17.22
141,Ancud,100,CL,1541299543,98,-41.87,-73.83,51.48,15.95
142,Boca de Parita,92,PA,1541299543,100,8.02,-80.45,74.02,3.76
143,Hamilton,5,BM,1541296500,78,32.3,-64.78,73.4,11.41
144,San Cristobal,75,EC,1541296800,71,-0.39,-78.55,57.2,2.24
145,Teguise,90,ES,1541298600,68,29.06,-13.56,69.8,13.87
146,Arlit,0,NE,1541299544,30,18.74,7.39,63.63,5.06
147,Koslan,88,RU,1541299544,99,63.46,48.9,36.22,3.71
148,Eureka,20,US,1541299200,93,40.8,-124.16,51.98,5.82
149,Mangan,0,IN,1541299545,67,27.5,88.54,36.13,0.81
150,Banjar,68,ID,1541299608,81,-7.37,108.54,79.51,3.83
151,Tilichiki,76,RU,1541299608,93,60.47,166.1,18.13,4.21
152,Ano Mera,0,GR,1541298000,72,37.45,25.4,62.6,19.46
153,Verkhnyaya Inta,64,RU,1541299609,79,65.99,60.32,22.36,4.09
154,Biltine,0,TD,1541299609,63,14.53,20.93,60.48,3.04
155,Sechura,64,PE,1541299609,84,-5.56,-80.82,69.61,13.44
156,Port Blair,0,IN,1541299609,98,11.67,92.75,84.37,15.39
157,Kharhial,76,IN,1541299609,56,20.28,82.77,80.19,2.75
158,Leon,90,US,1541297700,86,40.74,-93.75,46.94,4.7
159,Henderson,20,US,1541297700,22,36.04,-114.98,71.96,10.29
160,Sobolevo,8,RU,1541299610,95,54.43,31.9,40.81,7.52
161,Lavrentiya,76,RU,1541299610,100,65.58,-170.99,36.63,9.57
162,Sao Paulo de Olivenca,8,BR,1541299611,88,-3.38,-68.87,78.16,2.86
163,Giddalur,88,IN,1541299611,100,15.38,78.93,74.25,2.75
164,Karmaskaly,90,RU,1541296800,74,54.37,56.17,35.6,15.66
165,Nouadhibou,56,MR,1541296800,88,20.93,-17.03,66.2,12.75
166,Awjilah,0,LY,1541299611,80,29.14,21.3,53.32,3.2
167,Meadow Lake,88,CA,1541299612,90,54.13,-108.44,35.68,7.34
168,Kouroussa,8,GN,1541299612,78,10.65,-9.88,72.85,7.63
169,Cabo San Lucas,5,MX,1541295840,73,22.89,-109.91,75.2,5.82
170,Timbuktu,0,ML,1541299613,33,16.77,-3.01,74.61,10.92
171,Nome,40,US,1541297700,71,30.04,-94.42,73.04,9.17
172,Maniitsoq,48,GL,1541299614,100,65.42,-52.9,13.81,7.9
173,Lompoc,1,US,1541298900,42,34.64,-120.46,69.08,6.93
174,Poum,32,MK,1541299614,87,41.28,20.71,37.75,1.81
175,Mahebourg,40,MU,1541296800,88,-20.41,57.7,71.6,6.11
176,Tura,88,IN,1541299615,97,25.52,90.21,68.71,3.76
177,Churapcha,56,RU,1541299615,62,62.0,132.43,11.79,9.64
178,Luderitz,44,NA,1541296800,72,-26.65,15.16,60.8,6.93
179,Gafanha da Encarnacao,75,PT,1541298600,93,40.62,-8.73,55.4,6.06
180,Terra Santa,32,BR,1541299615,89,-2.1,-56.49,78.3,3.31
181,Ixtapa,90,MX,1541296020,88,20.71,-105.21,77.0,3.36
182,Kawalu,48,ID,1541299616,83,-7.38,108.21,74.92,2.82
183,Sterlitamak,80,RU,1541299616,78,53.63,55.95,30.78,11.77
184,Luwuk,0,ID,1541299616,69,-0.95,122.79,88.6,2.48
185,Norman Wells,20,CA,1541296800,84,65.28,-126.83,5.0,5.82
186,Pindiga,12,NG,1541299617,78,9.98,10.93,66.78,4.99
187,Cabinda,88,AO,1541299617,100,-5.56,12.19,77.8,6.51
188,Avarua,75,CK,1541296800,60,-21.21,-159.78,75.2,12.75
189,Cherskiy,64,RU,1541299617,80,68.75,161.3,-4.6,2.98
190,Longview,90,US,1541297700,65,32.5,-94.74,68.0,9.17
191,Geraldton,90,CA,1541296800,86,49.72,-86.95,26.6,3.36
192,Kloulklubed,75,PW,1541296200,70,7.04,134.26,86.0,6.93
193,Fontem,56,CM,1541299618,97,5.49,9.85,61.15,2.08
194,Umred,8,IN,1541298600,69,20.85,79.32,77.0,4.54
195,Ilulissat,80,GL,1541296200,78,69.22,-51.1,17.6,16.11
196,Port Hedland,0,AU,1541298600,30,-20.31,118.58,96.8,14.99
197,Qaanaaq,32,GL,1541299619,100,77.48,-69.36,3.15,8.41
198,Clifton,0,AU,1541296800,30,-27.93,151.91,93.2,14.99
199,Shagonar,8,RU,1541299619,92,51.54,92.92,9.85,3.87
200,Kaitangata,56,NZ,1541299683,75,-46.28,169.85,50.35,27.76
201,Etchojoa,5,MX,1541295600,47,26.91,-109.62,75.2,4.7
202,Arraial do Cabo,56,BR,1541299683,84,-22.97,-42.02,76.63,16.06
203,Khatanga,68,RU,1541299683,80,71.98,102.47,6.16,14.12
204,Turinskaya Sloboda,92,RU,1541299684,95,57.62,64.39,31.68,11.65
205,Finnsnes,88,NO,1541298000,100,69.23,17.98,30.2,19.46
206,Narsaq,0,GL,1541296200,44,60.91,-46.05,21.2,5.82
207,College Station,90,US,1541297700,77,30.63,-96.33,69.62,9.17
208,Bethel,75,US,1541296380,74,60.79,-161.76,30.02,9.17
209,Okato,92,NZ,1541299685,94,-39.19,173.88,56.7,25.57
210,Rawson,8,AR,1541299685,35,-43.3,-65.11,65.38,18.03
211,Kodiak,90,US,1541296380,85,39.95,-94.76,51.08,9.17
212,Khandagayty,12,MN,1541299686,59,50.73,92.07,9.18,4.09
213,Sitka,0,US,1541299657,47,37.17,-99.65,51.25,12.26
214,Namibe,8,AO,1541299686,100,-15.19,12.15,69.43,11.54
215,Neiafu,20,TO,1541296800,50,-18.65,-173.98,78.8,10.29
216,Conceicao do Araguaia,32,BR,1541299686,95,-8.26,-49.26,76.05,3.04
217,Esperance,20,TT,1541296800,88,10.24,-61.45,77.0,5.1
218,Warrington,75,GB,1541298000,93,53.39,-2.59,53.6,12.75
219,Alihe,0,CN,1541299687,41,50.57,123.73,23.08,3.6
220,Hue,40,VN,1541298600,66,16.47,107.58,84.2,3.36
221,Joao Pinheiro,44,BR,1541299688,89,-17.74,-46.17,69.16,3.83
222,Ladispoli,40,IT,1541298000,88,41.95,12.07,66.2,17.22
223,Gwadar,20,PK,1541299688,72,25.12,62.33,69.07,22.73
224,Meulaboh,0,ID,1541299688,100,4.14,96.13,80.28,2.71
225,Georgetown,20,GY,1541296800,94,6.8,-58.16,77.0,4.7
226,Sokolo,8,ML,1541299689,52,14.74,-6.12,67.36,4.99
227,Shar,32,NG,1541299689,90,7.3,8.73,74.56,7.56
228,Zaranj,0,AF,1541296800,16,30.95,61.86,44.6,26.4
229,Itarema,36,BR,1541299690,87,-2.92,-39.92,77.31,12.03
230,Puerto Lempira,92,HN,1541299690,93,15.27,-83.77,75.69,3.2
231,Coahuayana,92,MX,1541299690,97,18.62,-100.35,63.85,1.81
232,Puerto Ayora,8,EC,1541299691,100,-0.74,-90.35,72.0,12.37
233,Tadine,0,NC,1541299691,91,-21.55,167.88,75.91,14.16
234,Valparaiso,90,US,1541297700,70,41.47,-87.06,48.02,6.93
235,Bathsheba,20,BB,1541296800,69,13.22,-59.52,80.6,13.87
236,Antalaha,56,MG,1541299691,100,-14.9,50.28,73.53,3.49
237,Broome,32,GB,1541298000,81,52.47,1.45,47.12,12.75
238,Maloy,56,ID,1541299692,61,1.0,118.1,86.26,3.04
239,Nuuk,8,GL,1541296200,72,64.17,-51.74,17.6,5.82
240,Naze,76,NG,1541299692,93,5.43,7.07,74.61,4.09
241,Thinadhoo,80,MV,1541299608,100,0.53,72.93,82.08,5.5
242,Manbij,75,SY,1541298000,44,36.53,37.96,60.8,11.41
243,Barcelos,75,PT,1541298600,93,41.53,-8.62,55.4,2.04
244,Zyryanka,80,RU,1541299693,68,65.73,150.89,2.11,9.64
245,Vondrozo,92,MG,1541299693,99,-22.82,47.32,65.65,4.32
246,Chuy,0,UY,1541299544,96,-33.69,-53.46,54.36,3.27
247,Nicoya,75,CR,1541296800,83,10.15,-85.45,78.8,3.36
248,Moose Jaw,90,CA,1541296800,88,50.4,-105.54,32.0,11.41
249,Wilmington,1,US,1541297700,75,39.75,-75.55,50.0,9.64
250,Luziania,75,BR,1541296800,88,-16.25,-47.95,68.0,4.7
251,Mali,24,CN,1541299757,54,27.53,102.2,53.64,1.7
252,Mao,20,DO,1541296800,94,19.55,-71.08,77.0,4.7
253,Puerto Maldonado,0,PE,1541299758,71,-12.59,-69.19,81.58,2.75
254,Zhuhai,40,CN,1541296800,64,40.71,112.04,33.8,4.47
255,Prince Rupert,90,CA,1541296860,93,54.32,-130.32,51.8,19.46
256,Lebu,0,ET,1541299758,82,8.96,38.73,38.79,2.71
257,Cabra,0,ES,1541298600,93,37.47,-4.43,46.4,2.24
258,Jacareacanga,36,BR,1541299759,92,-6.22,-57.76,77.04,1.97
259,Altamira,8,BR,1541299759,86,-3.2,-52.21,78.39,3.71
260,Ola,40,RU,1541296800,68,59.58,151.3,24.8,6.71
261,Kjollefjord,88,NO,1541299760,92,70.95,27.35,36.67,5.84
262,Tuatapere,68,NZ,1541299760,100,-46.13,167.69,49.41,23.55
263,Sillamae,0,EE,1541299760,100,59.4,27.75,41.71,9.75
264,Yilan,75,TW,1541296800,78,24.75,121.75,80.6,6.93
265,Nouakchott,8,MR,1541299761,97,18.08,-15.98,72.13,15.57
266,Fort Nelson,90,CA,1541296800,85,58.81,-122.69,17.6,2.24
267,Otane,0,NZ,1541299761,50,-39.89,176.62,58.05,19.42
268,Baghdad,90,IQ,1541296800,72,33.3,44.38,66.2,6.93
269,Llandrindod Wells,92,GB,1541299762,96,52.24,-3.38,52.2,14.27
270,Vardo,1,US,1541297700,51,39.62,-77.74,46.94,4.7
271,Gisborne,0,NZ,1541299762,50,-38.66,178.02,67.9,13.33
272,Rundu,76,NA,1541299762,80,-17.91,19.77,66.78,8.57
273,Gazojak,0,TM,1541299763,94,41.19,61.4,22.23,2.98
274,Faanui,8,PF,1541299763,100,-16.48,-151.75,82.66,7.11
275,Bloomfield,75,US,1541298900,100,40.75,-92.42,48.2,11.41
276,Caravelas,80,BR,1541299763,100,-17.73,-39.27,77.76,17.69
277,Kozhva,88,RU,1541299764,93,65.11,57.05,28.89,6.06
278,Cayenne,0,GF,1541296800,83,4.94,-52.33,78.8,1.12
279,Sorong,0,ID,1541299764,100,-0.86,131.25,84.37,4.21
280,Bikapur,76,IN,1541299764,53,26.66,82.14,76.27,4.5
281,Mehamn,88,NO,1541299765,92,71.03,27.85,36.67,5.84
282,Mitsamiouli,20,KM,1541299765,100,-11.38,43.28,76.95,12.1
283,Chipiona,0,PE,1541299765,88,-14.54,-75.2,47.92,1.86
284,Huilong,0,CN,1541299765,49,28.89,110.18,68.94,3.04
285,Chapais,90,CA,1541297220,92,49.78,-74.86,30.2,14.99
286,Kiunga,32,PG,1541299766,67,-6.12,141.3,89.32,2.98
287,Saldanha,8,PT,1541299766,84,41.42,-6.55,33.61,2.98
288,Saint-Augustin,64,FR,1541298600,93,44.83,-0.61,39.2,3.36
289,Kulhudhuffushi,20,MV,1541299766,100,6.62,73.07,83.34,6.06
290,Gizo,0,IL,1541298000,55,31.8,34.94,60.8,2.24
291,San Antonio,0,CL,1541296800,93,-33.58,-71.61,50.0,2.71
292,Vaitape,24,PF,1541299768,100,-16.52,-151.75,81.76,4.99
293,Birjand,0,IR,1541296800,43,32.86,59.22,33.8,9.17
294,North Bend,1,US,1541296560,93,43.41,-124.22,53.96,3.36
295,Wakkanai,20,JP,1541296800,54,45.41,141.67,59.0,19.46
296,Santa Lucia,92,IT,1541299770,100,39.93,9.66,56.88,13.6
297,Wyndham,90,GB,1541298000,93,51.61,-3.54,55.4,13.87
298,Anloga,40,GH,1541296800,94,5.79,0.9,78.8,1.12
299,Moroni,20,US,1541299771,73,39.52,-111.59,29.88,1.81
300,Honiara,75,SB,1541296800,79,-9.43,159.96,84.2,5.82
301,Quepos,75,CR,1541296800,94,9.43,-84.16,69.8,4.7
302,Bolekhiv,80,UA,1541299834,87,49.07,23.86,47.7,3.27
303,Longyearbyen,20,NO,1541298000,68,78.22,15.63,30.2,33.33
304,San Clemente,20,US,1541299200,93,33.43,-117.61,78.98,4.7
305,Vila Franca do Campo,75,PT,1541298600,88,37.72,-25.43,66.2,11.41
306,Honggang,20,CN,1541299835,58,29.51,114.87,72.45,3.2
307,Buckeye,1,US,1541298900,37,33.37,-112.58,75.02,8.05
308,Tsiroanomandidy,0,MG,1541299836,74,-18.77,46.05,54.18,2.75
309,Presidencia Roque Saenz Pena,36,AR,1541299836,94,-26.79,-60.44,70.6,7.11
310,Kavaratti,32,IN,1541299836,100,10.57,72.64,82.93,12.66
311,Port Hawkesbury,40,CA,1541296800,82,45.62,-61.36,57.2,27.51
312,Saint-Malo,0,FR,1541298600,81,48.65,-2.02,50.0,12.75
313,Souillac,32,FR,1541298600,100,45.6,-0.6,42.8,3.09
314,Mandiana,24,GN,1541299837,78,10.62,-8.7,72.31,7.0
315,Pringsewu,20,ID,1541299837,76,-5.36,104.98,85.59,2.75
316,Florianopolis,75,BR,1541296800,94,-27.6,-48.55,68.0,10.29
317,Karatau,68,KZ,1541299838,75,43.18,70.46,24.52,1.3
318,Tena,0,EC,1541299838,85,-0.99,-77.82,57.06,2.59
319,Sioux Lookout,90,CA,1541296800,92,50.1,-91.92,28.4,2.48
320,Benguela,44,AO,1541299838,100,-12.58,13.4,74.02,4.72
321,Portland,90,US,1541296560,89,45.52,-122.67,55.04,5.82
322,Khorixas,0,NA,1541299839,85,-20.37,14.96,53.5,2.48
323,Te Anau,80,NZ,1541299839,84,-45.41,167.72,45.22,11.92
324,Neyshabur,0,IR,1541299839,76,36.21,58.79,20.2,3.38
325,Kaili,24,ID,1541299840,66,-3.46,120.21,83.2,2.98
326,Isla Vista,1,US,1541298900,42,34.41,-119.86,68.0,6.93
327,Waitati,20,NZ,1541299840,61,-45.75,170.57,51.97,22.32
328,Zhigansk,80,RU,1541299840,80,66.77,123.37,6.48,8.52
329,Casino,0,AU,1541299840,47,-28.86,153.05,93.15,2.04
330,Siniscola,40,IT,1541298000,82,40.57,9.69,64.4,10.29
331,Roald,24,NO,1541298000,66,62.58,6.12,55.4,14.99
332,Ouango,36,CD,1541299841,100,4.31,22.55,68.31,2.19
333,Colares,20,PT,1541298600,87,38.8,-9.45,53.6,1.12
334,Leshukonskoye,92,RU,1541299841,100,64.9,45.76,35.19,3.49
335,Soni,32,TZ,1541299842,94,-4.85,38.37,54.4,1.48
336,Semnan,20,IR,1541296800,48,35.58,53.39,44.6,6.22
337,Wainwright,0,CA,1541299842,86,52.84,-110.86,28.35,9.64
338,Sarapul,92,RU,1541299842,96,56.48,53.82,35.01,12.1
339,Coihaique,90,CL,1541296800,93,-45.58,-72.07,44.6,8.05
340,Luwero,92,UG,1541299843,97,0.85,32.47,63.76,1.3
341,Bilibino,80,RU,1541299843,86,68.06,166.44,1.48,2.75
342,Emba,0,CY,1541298600,59,34.81,32.42,73.4,6.93
343,Beringovskiy,68,RU,1541299843,100,63.05,179.32,31.68,7.9
344,Rabat,75,MA,1541298600,87,34.02,-6.83,60.8,3.36
345,Poronaysk,0,RU,1541299844,85,49.22,143.1,35.19,9.42
346,Khotyn,64,UA,1541299844,86,48.51,26.49,49.59,6.33
347,Taoudenni,0,ML,1541299844,40,22.68,-3.98,57.78,12.44
348,Paamiut,0,GL,1541299845,100,61.99,-49.67,29.11,12.37
349,Talnakh,64,RU,1541299845,87,69.49,88.39,-0.46,2.75
350,Taltal,0,CL,1541299908,98,-25.41,-70.49,54.67,1.25
351,Ponta Delgada,75,PT,1541298600,88,37.73,-25.67,66.2,11.41
352,Krasyukovskaya,56,RU,1541299908,97,47.53,40.09,38.11,4.32
353,Callaway,90,US,1541297700,64,46.98,-95.91,37.94,3.36
354,Evanston,90,US,1541299500,75,42.04,-87.69,46.04,9.17
355,Polunochnoye,92,RU,1541299909,97,60.87,60.43,32.08,8.12
356,Ufimskiy,92,RU,1541299909,98,56.71,58.05,34.74,10.8
357,Point Pedro,8,LK,1541299910,90,9.82,80.23,84.73,13.44
358,Barreirinha,20,BR,1541299910,93,-2.8,-57.07,77.04,1.97
359,Alamogordo,1,US,1541297700,23,32.9,-105.96,53.6,10.29
360,Orchard Homes,90,US,1541296380,65,46.86,-114.05,44.96,4.7
361,Smithers,90,CA,1541296800,100,54.78,-127.17,41.0,4.7
362,Sonqor,0,IR,1541296800,35,34.78,47.6,55.4,11.41
363,Gandzak,20,AM,1541296800,93,40.33,45.12,37.4,1.12
364,Safakulevo,76,RU,1541299911,94,54.99,62.54,29.56,13.33
365,Maragogi,100,BR,1541299665,88,-9.01,-35.22,76.05,7.11
366,Santiago,0,CL,1541296800,58,-33.44,-70.65,59.0,8.05
367,Tiksi,48,RU,1541299912,75,71.64,128.87,-0.19,9.86
368,Victoria,75,BN,1541298600,70,5.28,115.24,89.6,3.36
369,Hami,0,CN,1541299913,55,42.84,93.51,33.52,6.33
370,Zaysan,88,KZ,1541299913,69,47.47,84.87,19.57,3.49
371,Burns Lake,92,CA,1541299913,100,54.23,-125.76,41.17,4.76
372,Lethem,68,GY,1541299913,93,3.38,-59.8,74.65,1.07
373,Codrington,0,AU,1541299914,47,-28.95,153.24,93.15,2.04
374,Shache,88,CN,1541299914,100,38.42,77.24,35.1,2.82
375,Mufumbwe,92,ZM,1541299914,100,-13.68,24.8,62.91,4.72
376,Susehri,0,TR,1541299914,78,40.16,38.09,26.86,2.08
377,Havelock,1,US,1541296680,80,34.88,-76.9,51.98,7.34
378,Sistranda,75,NO,1541296200,76,63.73,8.83,48.2,20.8
379,Morant Bay,20,JM,1541296800,69,17.88,-76.41,82.4,8.05
380,Pilar,0,AR,1541296800,72,-34.46,-58.91,69.8,2.24
381,Coronado,40,PA,1541296800,88,8.53,-79.9,78.8,1.12
382,Nikolskoye,20,RU,1541296800,93,59.7,30.79,35.6,6.71
383,Oudtshoorn,92,ZA,1541297220,29,-33.59,22.2,66.2,9.17
384,Haysville,1,US,1541296560,65,37.56,-97.35,53.06,21.92
385,Roebourne,0,AU,1541299916,16,-20.77,117.15,99.99,11.1
386,Kurilsk,20,RU,1541299917,82,45.23,147.88,55.48,18.63
387,Bon Accord,90,CA,1541296800,87,53.84,-113.41,35.6,2.24
388,Lasa,0,CY,1541298600,59,34.92,32.53,73.4,6.93
389,Uromi,68,NG,1541299917,89,6.71,6.33,76.14,6.06
390,Langxiang,68,CN,1541299918,37,46.95,128.87,27.81,2.86
391,Yerbogachen,80,RU,1541299918,77,61.28,108.01,23.35,8.3
392,Vorozhba,64,UA,1541299918,94,51.17,34.23,38.79,3.09
393,Aloleng,0,PH,1541299918,92,16.13,119.78,85.36,5.84
394,Gangakher,88,IN,1541299919,89,18.95,76.75,72.67,4.76
395,Male,24,UA,1541299919,92,50.74,33.7,40.18,3.04
396,Sangar,8,RU,1541299919,71,63.92,127.47,3.78,2.53
397,Nianzishan,64,CN,1541299919,52,47.51,122.88,28.75,7.4
398,Shitanjing,48,CN,1541299919,72,39.23,106.34,32.8,1.97
399,Margate,75,AU,1541298960,45,-43.03,147.26,62.6,18.34
400,Baja,56,HU,1541299983,57,46.18,18.95,56.2,8.9
401,Jinchang,76,CN,1541299983,89,38.52,102.19,30.91,3.87
402,Nishihara,90,JP,1541298720,82,35.74,139.53,62.6,4.54
403,Clyde River,90,CA,1541299380,84,70.47,-68.59,8.6,10.29
404,Berlevag,92,NO,1541299984,100,70.86,29.09,38.79,6.4
405,Komsomolskiy,44,RU,1541299984,79,67.55,63.78,12.28,2.82
406,Galesong,20,ID,1541299985,100,-5.32,119.37,85.45,3.04
407,Lysva,92,RU,1541299985,100,58.11,57.8,35.01,13.6
408,Los Llanos de Aridane,90,ES,1541298600,64,28.66,-17.92,69.8,17.22
409,Cedar City,1,US,1541296380,37,37.68,-113.06,42.98,5.82
410,Ketchikan,90,US,1541299140,93,55.34,-131.65,48.92,4.7
411,Rio Gallegos,75,AR,1541296800,47,-51.62,-69.22,57.2,18.34
412,Verkhnevilyuysk,76,RU,1541299986,67,63.45,120.31,14.26,7.52
413,Aconibe,88,GQ,1541299986,97,1.29,10.94,70.33,2.37
414,Vieste,68,IT,1541299986,100,41.88,16.18,63.85,6.33
415,Waynesville,90,US,1541296560,76,37.83,-92.2,53.96,13.87
416,Vostok,8,RU,1541299987,62,46.45,135.83,32.53,3.71
417,San Patricio,76,PY,1541299987,98,-26.98,-56.83,70.42,3.87
418,Sokoni,36,CD,1541299987,58,-12.89,28.78,70.51,9.35
419,Killybegs,88,IE,1541299987,100,54.63,-8.45,50.62,26.35
420,Ekhabi,80,RU,1541299987,84,53.51,142.97,30.82,27.65
421,Atar,32,MR,1541299988,81,20.52,-13.05,54.18,3.83
422,Tanout,0,NE,1541299988,31,14.97,8.88,58.86,4.83
423,Ustrzyki Dolne,48,UA,1541299988,93,49.43,22.59,47.38,2.59
424,Port-Gentil,68,GA,1541299988,100,-0.72,8.78,77.94,6.85
425,Waipawa,0,NZ,1541299989,54,-39.94,176.59,58.18,26.08
426,Shimoda,75,JP,1541296800,87,34.7,138.93,60.8,12.75
427,Imbituba,75,BR,1541296800,94,-28.24,-48.67,68.0,10.29
428,Camopi,8,GF,1541299989,73,3.17,-52.33,79.42,3.76
429,Siderno,75,IT,1541296500,77,38.28,16.3,69.8,14.99
430,Elliot Lake,1,CA,1541296800,64,46.37,-82.65,33.8,5.82
431,Bolobo,32,CD,1541299990,100,-2.17,16.23,73.08,1.07
432,Iqaluit,90,CA,1541296800,85,63.75,-68.52,14.0,6.93
433,Kidal,0,ML,1541299990,48,18.44,1.41,63.4,1.52
434,Morondava,0,MG,1541299991,89,-20.3,44.28,71.01,8.23
435,Quatre Cocos,40,MU,1541296800,88,-20.21,57.76,71.6,6.11
436,Bozoum,20,CF,1541299991,86,6.31,16.38,67.0,3.98
437,Sao Filipe,0,CV,1541299991,97,14.9,-24.5,77.58,15.39
438,Karratha,0,AU,1541299991,16,-20.74,116.85,99.99,11.1
439,Hays,90,US,1541296560,70,38.88,-99.33,46.94,10.29
440,Itoman,75,JP,1541298600,94,26.12,127.67,75.2,13.87
441,Pindwara,0,IN,1541299992,47,24.79,73.05,68.76,2.86
442,Digha,20,IN,1541299992,96,21.62,87.51,82.08,7.11
443,Exeter,92,GB,1541299992,97,50.73,-3.53,53.55,13.6
444,Dunedin,20,NZ,1541299822,61,-45.87,170.5,51.97,22.32
445,Surt,0,LY,1541299993,95,31.21,16.59,68.94,12.33
446,Balakhninskiy,76,RU,1541299993,59,58.01,114.28,15.43,5.28
447,La Sarre,80,CA,1541299878,90,48.8,-79.2,31.63,13.11
448,Mbaiki,48,CF,1541299993,97,3.87,17.99,71.32,2.08
449,Wasilla,1,US,1541296560,77,61.58,-149.44,30.92,3.36
450,Mitu,80,IR,1541300057,64,36.2,46.09,38.56,2.82
451,Kuala Terengganu,75,MY,1541296800,94,5.33,103.14,80.6,1.12
452,Kamenka,92,RU,1541300057,96,53.19,44.05,36.31,12.82
453,Bandarbeyla,92,SO,1541300057,100,9.49,50.81,78.66,12.77
454,Bowen,40,AU,1541296800,46,-20.01,148.25,91.4,12.75
455,Porto Belo,20,BR,1541296800,88,-27.15,-48.54,69.8,2.24
456,Sandwick,92,GB,1541296200,100,54.57,-2.89,50.0,20.8
457,Kyshtovka,68,RU,1541300058,72,56.56,76.62,6.75,9.13
458,Sharjah,0,AE,1541296800,31,25.36,55.39,77.0,8.05
459,Cascais,20,PT,1541298600,87,38.7,-9.42,53.6,1.12
460,Namatanai,80,PG,1541300059,100,-3.66,152.44,83.83,7.34
461,Tacuarembo,0,UY,1541300059,93,-31.73,-55.98,61.83,7.9
462,Sladkovo,88,RU,1541300059,97,55.53,70.34,28.12,12.82
463,Kathu,36,ZA,1541300059,35,-27.7,23.05,70.65,10.25
464,Comodoro Rivadavia,0,AR,1541296800,29,-45.87,-67.48,66.2,16.11
465,Ambilobe,0,MG,1541300060,87,-13.19,49.05,70.56,4.09
466,Mount Gambier,24,AU,1541300060,71,-37.83,140.78,64.57,7.0
467,Trinidad,0,UY,1541300060,66,-33.52,-56.9,60.21,7.07
468,Udachnyy,56,RU,1541300060,78,66.42,112.4,9.85,3.87
469,Xuddur,0,SO,1541300061,74,4.12,43.89,72.67,7.4
470,Waingapu,12,ID,1541300061,74,-9.65,120.26,87.25,6.89
471,Mareeba,40,AU,1541298600,52,-16.99,145.42,87.8,10.29
472,Cromwell,0,NZ,1541300061,51,-45.04,169.19,50.35,9.35
473,Katsuura,75,JP,1541296800,67,33.93,134.5,60.8,2.24
474,Santa Rosa,0,AR,1541300063,53,-36.62,-64.29,64.8,13.6
475,Khandyga,36,RU,1541300063,78,62.65,135.58,8.77,6.89
476,Lewisporte,90,CA,1541298600,100,49.25,-55.06,59.0,20.8
477,Nurota,0,UZ,1541296800,67,40.56,65.69,23.0,2.24
478,Merrill,75,US,1541296380,62,42.03,-121.6,48.02,2.59
479,Oxford,1,US,1541298900,96,33.61,-85.83,51.08,4.5
480,Husavik,12,CA,1541300064,94,50.56,-96.99,24.21,2.71
481,Tongliao,92,CN,1541300065,66,43.61,122.27,37.75,12.37
482,Konispol,40,GR,1541298000,93,39.66,20.18,57.2,2.26
483,Minab,20,IR,1541296800,14,27.15,57.07,71.6,13.87
484,Japura,12,ID,1541300065,76,-0.42,102.29,84.69,1.48
485,Hirara,40,JP,1541296800,83,24.8,125.28,80.6,5.82
486,Bongandanga,56,CD,1541300066,98,1.51,21.07,71.64,2.26
487,Xichang,24,CN,1541300066,54,27.88,102.25,53.64,1.7
488,Key West,1,US,1541297700,74,47.93,-96.78,33.8,5.82
489,Shenjiamen,44,CN,1541300066,87,29.96,122.3,70.74,9.8
490,Denpasar,76,ID,1541300051,88,-8.65,115.22,80.05,2.08
491,Pavlogradka,8,RU,1541300067,87,54.2,73.56,21.55,7.78
492,Wum,92,CM,1541300067,99,6.39,10.08,64.48,2.59
493,Manaus,75,BR,1541296800,94,-3.13,-59.98,75.2,2.24
494,Yulara,44,AU,1541296800,22,-25.24,130.99,96.8,5.82
495,Excelsior Springs,90,US,1541298240,89,39.34,-94.23,57.02,11.41
496,Hegang,12,CN,1541300068,50,47.34,130.28,29.34,6.78
497,Tucumcari,1,US,1541296380,75,35.17,-103.73,42.08,8.05
498,Ihosy,24,MG,1541300068,94,-22.4,46.13,59.17,6.51
499,Taucha,90,DE,1541298000,93,51.38,12.49,48.2,4.7
500,Bonavista,76,CA,1541300132,79,48.65,-53.11,55.3,24.11
501,Weinan,90,CN,1541296800,60,34.5,109.46,53.6,6.71
502,Naryan-Mar,88,RU,1541300132,100,67.67,53.09,27.0,11.36
503,Mezen,88,RU,1541300133,98,65.85,44.24,32.04,3.38
504,Tautira,40,PF,1541298600,74,-17.73,-149.15,82.4,13.87
505,Maldonado,0,UY,1541296800,93,-34.91,-54.96,55.4,2.24
506,Araure,40,VE,1541296860,83,9.59,-69.23,73.4,2.24
507,Ranot,80,TH,1541300133,95,7.78,100.32,82.53,10.54
508,Dawei,0,MM,1541300134,63,14.07,98.19,83.11,2.37
509,Gull Lake,1,CA,1541296800,92,50.1,-108.48,28.4,16.11
510,Heihe,0,RU,1541296800,35,50.24,127.51,23.0,11.18
511,Maromitsa,92,RU,1541300134,99,59.87,48.01,38.61,4.76
512,San Ramon,100,NI,1541300135,89,12.92,-85.84,71.19,2.86
513,Ashqelon,0,IL,1541298000,55,31.67,34.57,60.8,2.24
514,Puerto Carreno,12,CO,1541300135,95,6.19,-67.49,70.65,2.08
515,Tarakan,68,ID,1541300104,88,3.3,117.63,84.91,1.86
516,Xinxiang,20,CN,1541300135,48,35.3,113.88,67.23,4.72
517,Port-Cartier,90,CA,1541299560,93,50.03,-66.88,35.6,10.29
518,Srednekolymsk,68,RU,1541300136,66,67.46,153.71,-0.5,4.76
519,Alexandria,40,US,1541298900,90,31.31,-92.44,62.96,9.8
520,Sikonge,20,TZ,1541296800,77,-5.63,32.75,66.2,2.86
521,Shetpe,0,KZ,1541300137,70,44.14,52.16,17.64,3.38
522,Aktau,0,KZ,1541296800,63,43.65,51.16,30.2,11.18
523,Miramar,75,CR,1541296800,94,10.09,-84.73,69.8,4.7
524,Razvilka,90,RU,1541296800,93,55.59,37.75,46.4,11.18
525,Yar-Sale,0,RU,1541300137,99,66.83,70.83,2.02,2.75
526,Leningradskiy,80,RU,1541300138,98,69.38,178.42,28.66,11.25
527,Takoradi,100,GH,1541300138,100,4.89,-1.75,78.84,3.83
528,Cairns,40,AU,1541298600,52,-16.92,145.77,87.8,10.29
529,Saint-Paul,90,FR,1541298600,100,45.22,1.9,37.4,2.71
530,Sao Jose da Coroa Grande,100,BR,1541300138,88,-8.9,-35.15,76.05,7.11
531,Almaty,75,KZ,1541296800,86,43.24,76.95,30.2,4.47
532,Fukue,75,JP,1541296800,93,35.03,136.69,59.0,10.29
533,Dwarka,20,IN,1541298600,64,28.58,77.04,68.0,3.36
534,Tete,80,MZ,1541300025,83,-16.16,33.59,70.83,11.25
535,Codajas,68,BR,1541299858,96,-3.84,-62.06,76.23,1.74
536,Seoul,0,KR,1541298600,38,37.57,126.98,60.8,4.7
537,Sajanan,92,TN,1541296800,87,37.06,9.24,57.2,12.75
538,Lazaro Cardenas,5,MX,1541295780,36,28.39,-105.62,60.8,7.63
539,Half Moon Bay,40,US,1541296560,67,37.46,-122.43,73.4,6.93
540,Vestmanna,88,FO,1541298000,87,62.16,-7.17,48.2,23.04
541,Severomuysk,48,RU,1541300140,66,56.17,113.57,-0.73,2.3
542,Klaksvik,92,FO,1541298000,87,62.23,-6.59,48.2,23.04
543,Anchorage,1,US,1541296560,62,61.22,-149.89,30.92,4.7
544,Ukiah,1,US,1541296560,36,39.15,-123.21,64.94,1.97
545,Muheza,92,TZ,1541300141,94,-5.18,38.79,76.14,6.62
546,Laje,92,BR,1541300141,92,-13.18,-39.42,69.52,6.55
547,Moose Factory,40,CA,1541298600,86,51.26,-80.61,26.6,8.05
548,Havoysund,88,NO,1541298000,100,71.0,24.66,37.4,14.99
549,Cam Ranh,32,VN,1541300142,83,11.92,109.15,82.3,12.33
550,Teshie,20,GH,1541296800,88,5.58,-0.11,80.6,5.82
551,Magadan,40,RU,1541296800,68,59.56,150.8,24.8,6.71
552,Jilib,76,SO,1541300206,96,0.49,42.79,74.2,3.04
553,Kirensk,80,RU,1541300206,64,57.78,108.12,25.29,9.13
554,Veraval,0,FR,1541298600,86,49.65,0.71,44.6,3.36
555,Ostrovnoy,80,RU,1541300207,100,68.05,39.51,32.4,3.38
556,Faya,40,SA,1541296800,87,18.39,42.45,55.4,2.71
557,Cuiluan,0,CN,1541300207,40,47.72,128.65,25.87,4.88
558,Feni,0,BD,1541300207,98,23.02,91.41,79.06,5.06
559,Grants,1,US,1541297700,47,35.15,-107.85,37.58,5.55
560,Ankang,44,CN,1541300208,46,32.73,108.99,57.37,2.37
561,Lucea,20,JM,1541296800,78,18.44,-78.17,80.6,6.93
562,Lauro Muller,92,BR,1541300208,100,-28.39,-49.4,62.73,5.84
563,Trapani,0,IT,1541298000,87,38.02,12.54,60.8,1.12
564,Copiapo,0,CL,1541296800,76,-27.37,-70.33,57.2,5.82
565,Cap Malheureux,40,MU,1541296800,88,-19.98,57.61,71.6,11.32
566,Morrope,20,PE,1541296800,88,-6.54,-80.02,66.2,12.75
567,Port Keats,20,AU,1541300209,72,-14.25,129.55,93.51,4.21
568,Luang Prabang,90,LA,1541296800,88,19.89,102.14,64.4,2.24
569,Nardaran,0,AZ,1541296800,87,40.56,50.01,50.0,4.7
